,Data,Potwierdzone,aktywne,zgony,wyleczeni,województwo
0,2020-03-07,1,0,0,0,dolnośląskie
1,2020-03-08,1,0,0,0,dolnośląskie
2,2020-03-09,3,0,0,0,dolnośląskie
3,2020-03-10,4,0,0,0,dolnośląskie
4,2020-03-11,4,0,0,0,dolnośląskie
5,2020-03-12,7,0,0,0,dolnośląskie
6,2020-03-13,8,0,1,0,dolnośląskie
7,2020-03-14,13,0,1,0,dolnośląskie
8,2020-03-15,14,0,1,0,dolnośląskie
9,2020-03-16,24,0,1,0,dolnośląskie
10,2020-03-17,33,0,2,0,dolnośląskie
11,2020-03-18,40,0,2,0,dolnośląskie
12,2020-03-19,53,0,2,0,dolnośląskie
13,2020-03-20,59,0,2,0,dolnośląskie
14,2020-03-21,66,0,2,0,dolnośląskie
15,2020-03-22,79,0,2,0,dolnośląskie
16,2020-03-23,97,0,2,0,dolnośląskie
17,2020-03-24,117,0,2,0,dolnośląskie
18,2020-03-25,150,0,4,0,dolnośląskie
19,2020-03-26,165,0,4,0,dolnośląskie
20,2020-03-27,189,0,4,0,dolnośląskie
21,2020-03-28,199,0,4,0,dolnośląskie
22,2020-03-29,234,0,4,0,dolnośląskie
23,2020-03-30,258,0,4,0,dolnośląskie
24,2020-03-31,274,0,4,0,dolnośląskie
25,2020-04-01,298,0,4,0,dolnośląskie
26,2020-04-02,338,0,6,0,dolnośląskie
27,2020-04-03,400,0,6,0,dolnośląskie
28,2020-04-04,407,0,6,0,dolnośląskie
29,2020-04-05,468,0,10,0,dolnośląskie
30,2020-04-06,488,0,13,0,dolnośląskie
31,2020-04-07,527,0,13,0,dolnośląskie
32,2020-04-08,539,523,15,1,dolnośląskie
33,2020-04-09,568,546,18,4,dolnośląskie
34,2020-04-10,637,613,20,4,dolnośląskie
35,2020-04-11,660,623,22,15,dolnośląskie
36,2020-04-12,697,659,23,15,dolnośląskie
37,2020-04-13,709,670,24,15,dolnośląskie
38,2020-04-14,723,669,25,29,dolnośląskie
39,2020-04-15,764,710,25,29,dolnośląskie
40,2020-04-16,819,753,28,38,dolnośląskie
41,2020-04-17,893,823,30,40,dolnośląskie
42,2020-04-18,949,879,30,40,dolnośląskie
43,2020-04-19,1044,967,30,47,dolnośląskie
44,2020-04-20,1077,983,33,61,dolnośląskie
45,2020-04-21,1118,985,33,100,dolnośląskie
46,2020-04-22,1143,983,36,124,dolnośląskie
47,2020-04-23,1212,1045,36,131,dolnośląskie
48,2020-04-24,1235,1066,37,132,dolnośląskie
49,2020-04-25,1275,1103,40,132,dolnośląskie
50,2020-04-26,1338,1160,41,137,dolnośląskie
51,2020-04-27,1412,1225,41,146,dolnośląskie
52,2020-04-28,1461,1247,44,170,dolnośląskie
53,2020-04-29,1520,1275,47,198,dolnośląskie
54,2020-04-30,1563,1292,48,223,dolnośląskie
55,2020-05-01,1580,1271,48,261,dolnośląskie
56,2020-05-02,1620,1296,49,275,dolnośląskie
57,2020-05-03,1645,1303,52,290,dolnośląskie
58,2020-05-04,1723,1304,52,367,dolnośląskie
59,2020-05-05,1769,1307,57,405,dolnośląskie
60,2020-05-06,1789,1294,57,438,dolnośląskie
61,2020-05-07,1825,1293,59,473,dolnośląskie
62,2020-05-08,1870,1318,66,486,dolnośląskie
63,2020-05-09,1903,1320,67,516,dolnośląskie
64,2020-05-10,2002,1388,67,547,dolnośląskie
65,2020-05-11,2024,1376,72,576,dolnośląskie
66,2020-05-12,2056,1303,78,675,dolnośląskie
67,2020-05-13,2100,1305,79,716,dolnośląskie
68,2020-05-14,2125,1309,82,734,dolnośląskie
69,2020-05-15,2141,1176,89,876,dolnośląskie
70,2020-05-16,2160,1187,89,884,dolnośląskie
71,2020-05-17,2166,1193,89,884,dolnośląskie
72,2020-05-18,2226,1171,91,964,dolnośląskie
73,2020-05-19,2257,1148,93,1016,dolnośląskie
74,2020-05-20,2276,1129,94,1053,dolnośląskie
75,2020-05-21,2295,1138,94,1063,dolnośląskie
76,2020-05-22,2366,1160,96,1110,dolnośląskie
77,2020-05-23,2399,1193,96,1110,dolnośląskie
78,2020-05-24,2418,1185,96,1137,dolnośląskie
79,2020-05-25,2455,1116,98,1241,dolnośląskie
80,2020-05-26,2471,1094,101,1276,dolnośląskie
81,2020-05-27,2512,1124,101,1287,dolnośląskie
82,2020-05-28,2530,1066,102,1362,dolnośląskie
83,2020-05-29,2556,1015,102,1439,dolnośląskie
84,2020-05-30,2581,1021,104,1456,dolnośląskie
85,2020-05-31,2594,1030,104,1460,dolnośląskie
86,2020-06-01,2630,1066,104,1460,dolnośląskie
87,2020-06-02,2639,987,104,1548,dolnośląskie
88,2020-06-03,2649,948,112,1589,dolnośląskie
89,2020-06-04,2660,927,112,1621,dolnośląskie
90,2020-06-05,2680,870,117,1693,dolnośląskie
91,2020-06-06,2700,877,117,1706,dolnośląskie
92,2020-06-07,2708,885,117,1706,dolnośląskie
93,2020-06-08,2724,872,120,1732,dolnośląskie
94,2020-06-09,2736,804,122,1810,dolnośląskie
95,2020-06-10,2739,769,124,1846,dolnośląskie
96,2020-06-11,2749,757,124,1868,dolnośląskie
97,2020-06-12,2750,755,124,1871,dolnośląskie
98,2020-06-13,2767,735,125,1907,dolnośląskie
99,2020-06-14,2767,727,125,1915,dolnośląskie
100,2020-06-15,2767,724,125,1918,dolnośląskie
101,2020-06-16,2778,731,129,1918,dolnośląskie
102,2020-06-17,2814,654,129,2031,dolnośląskie
103,2020-06-18,2825,632,133,2060,dolnośląskie
104,2020-06-19,2838,608,135,2095,dolnośląskie
105,2020-06-20,2851,587,135,2129,dolnośląskie
106,2020-06-21,2853,589,135,2129,dolnośląskie
107,2020-06-22,2857,581,136,2140,dolnośląskie
108,2020-06-23,2867,590,137,2140,dolnośląskie
109,2020-06-24,2878,540,137,2201,dolnośląskie
110,2020-06-25,2884,546,137,2201,dolnośląskie
111,2020-03-17,8,0,0,0,kujawsko-pomorskie
112,2020-03-18,8,0,0,0,kujawsko-pomorskie
113,2020-03-19,11,0,0,0,kujawsko-pomorskie
114,2020-03-20,14,0,0,0,kujawsko-pomorskie
115,2020-03-21,16,0,0,0,kujawsko-pomorskie
116,2020-03-22,18,0,0,0,kujawsko-pomorskie
117,2020-03-23,20,0,0,0,kujawsko-pomorskie
118,2020-03-24,22,0,0,0,kujawsko-pomorskie
119,2020-03-25,24,0,0,0,kujawsko-pomorskie
120,2020-03-26,31,0,0,0,kujawsko-pomorskie
121,2020-03-27,33,0,0,0,kujawsko-pomorskie
122,2020-03-28,37,0,0,0,kujawsko-pomorskie
123,2020-03-29,47,0,0,0,kujawsko-pomorskie
124,2020-03-30,72,0,0,0,kujawsko-pomorskie
125,2020-03-31,76,0,0,0,kujawsko-pomorskie
126,2020-04-01,84,0,0,0,kujawsko-pomorskie
127,2020-04-02,157,0,0,0,kujawsko-pomorskie
128,2020-04-03,199,0,1,0,kujawsko-pomorskie
129,2020-04-04,224,0,1,0,kujawsko-pomorskie
130,2020-04-05,241,0,2,0,kujawsko-pomorskie
131,2020-04-06,245,0,2,0,kujawsko-pomorskie
132,2020-04-07,264,0,2,0,kujawsko-pomorskie
133,2020-04-08,277,267,5,5,kujawsko-pomorskie
134,2020-04-09,280,263,6,11,kujawsko-pomorskie
135,2020-04-10,290,272,6,12,kujawsko-pomorskie
136,2020-04-11,313,290,7,16,kujawsko-pomorskie
137,2020-04-12,336,313,7,16,kujawsko-pomorskie
138,2020-04-13,345,322,7,16,kujawsko-pomorskie
139,2020-04-14,352,323,9,20,kujawsko-pomorskie
140,2020-04-15,359,326,12,21,kujawsko-pomorskie
141,2020-04-16,367,333,13,21,kujawsko-pomorskie
142,2020-04-17,387,353,13,21,kujawsko-pomorskie
143,2020-04-18,398,343,16,39,kujawsko-pomorskie
144,2020-04-19,406,351,16,39,kujawsko-pomorskie
145,2020-04-20,421,365,17,39,kujawsko-pomorskie
146,2020-04-21,438,344,17,77,kujawsko-pomorskie
147,2020-04-22,452,344,20,88,kujawsko-pomorskie
148,2020-04-23,460,336,20,104,kujawsko-pomorskie
149,2020-04-24,471,327,24,120,kujawsko-pomorskie
150,2020-04-25,474,325,26,123,kujawsko-pomorskie
151,2020-04-26,478,327,26,125,kujawsko-pomorskie
152,2020-04-27,483,332,26,125,kujawsko-pomorskie
153,2020-04-28,518,360,27,131,kujawsko-pomorskie
154,2020-04-29,537,342,28,167,kujawsko-pomorskie
155,2020-04-30,544,325,28,191,kujawsko-pomorskie
156,2020-05-01,551,330,28,193,kujawsko-pomorskie
157,2020-05-02,555,328,29,198,kujawsko-pomorskie
158,2020-05-03,557,325,29,203,kujawsko-pomorskie
159,2020-05-04,557,318,29,210,kujawsko-pomorskie
160,2020-05-05,561,311,30,220,kujawsko-pomorskie
161,2020-05-06,561,301,30,230,kujawsko-pomorskie
162,2020-05-07,569,299,31,239,kujawsko-pomorskie
163,2020-05-08,571,293,32,246,kujawsko-pomorskie
164,2020-05-09,572,294,32,246,kujawsko-pomorskie
165,2020-05-10,574,291,32,251,kujawsko-pomorskie
166,2020-05-11,577,285,32,260,kujawsko-pomorskie
167,2020-05-12,577,279,34,264,kujawsko-pomorskie
168,2020-05-13,577,232,39,306,kujawsko-pomorskie
169,2020-05-14,578,229,40,309,kujawsko-pomorskie
170,2020-05-15,581,224,42,315,kujawsko-pomorskie
171,2020-05-16,582,200,42,340,kujawsko-pomorskie
172,2020-05-17,582,187,43,352,kujawsko-pomorskie
173,2020-05-18,582,180,44,358,kujawsko-pomorskie
174,2020-05-19,583,151,44,388,kujawsko-pomorskie
175,2020-05-20,584,143,44,397,kujawsko-pomorskie
176,2020-05-21,587,131,44,412,kujawsko-pomorskie
177,2020-05-22,590,127,45,418,kujawsko-pomorskie
178,2020-05-23,592,117,45,430,kujawsko-pomorskie
179,2020-05-24,593,118,45,430,kujawsko-pomorskie
180,2020-05-25,593,113,46,434,kujawsko-pomorskie
181,2020-05-26,593,98,46,449,kujawsko-pomorskie
182,2020-05-27,593,98,46,449,kujawsko-pomorskie
183,2020-05-28,593,88,46,459,kujawsko-pomorskie
184,2020-05-29,593,86,46,461,kujawsko-pomorskie
185,2020-05-30,593,76,46,471,kujawsko-pomorskie
186,2020-05-31,593,73,46,474,kujawsko-pomorskie
187,2020-06-01,593,68,47,478,kujawsko-pomorskie
188,2020-06-02,593,60,47,486,kujawsko-pomorskie
189,2020-06-03,594,57,47,490,kujawsko-pomorskie
190,2020-06-04,599,56,47,496,kujawsko-pomorskie
191,2020-06-05,601,54,47,500,kujawsko-pomorskie
192,2020-06-06,601,54,47,500,kujawsko-pomorskie
193,2020-06-07,601,52,47,502,kujawsko-pomorskie
194,2020-06-08,602,51,47,504,kujawsko-pomorskie
195,2020-06-09,603,43,47,513,kujawsko-pomorskie
196,2020-06-10,606,46,47,513,kujawsko-pomorskie
197,2020-06-11,608,48,47,513,kujawsko-pomorskie
198,2020-06-12,610,50,47,513,kujawsko-pomorskie
199,2020-06-13,614,51,49,514,kujawsko-pomorskie
200,2020-06-14,626,62,49,515,kujawsko-pomorskie
201,2020-06-15,626,61,49,516,kujawsko-pomorskie
202,2020-06-16,627,59,49,519,kujawsko-pomorskie
203,2020-06-17,630,54,49,527,kujawsko-pomorskie
204,2020-06-18,641,64,49,528,kujawsko-pomorskie
205,2020-06-19,644,63,49,532,kujawsko-pomorskie
206,2020-06-20,649,67,49,533,kujawsko-pomorskie
207,2020-06-21,652,69,49,534,kujawsko-pomorskie
208,2020-06-22,652,69,49,534,kujawsko-pomorskie
209,2020-06-23,652,69,49,534,kujawsko-pomorskie
210,2020-06-24,653,67,49,537,kujawsko-pomorskie
211,2020-06-25,661,75,49,537,kujawsko-pomorskie
212,2020-03-18,22,0,1,0,lubelskie
213,2020-03-19,25,0,1,0,lubelskie
214,2020-03-20,28,0,1,0,lubelskie
215,2020-03-21,30,0,1,0,lubelskie
216,2020-03-22,37,0,1,0,lubelskie
217,2020-03-23,44,0,1,0,lubelskie
218,2020-03-24,54,0,2,0,lubelskie
219,2020-03-25,58,0,2,0,lubelskie
220,2020-03-26,74,0,2,0,lubelskie
221,2020-03-27,78,0,2,0,lubelskie
222,2020-03-28,85,74,3,8,lubelskie
223,2020-03-29,101,85,3,13,lubelskie
224,2020-03-30,111,93,4,14,lubelskie
225,2020-03-31,131,113,4,14,lubelskie
226,2020-04-01,133,107,4,22,lubelskie
227,2020-04-02,151,124,5,22,lubelskie
228,2020-04-03,158,130,6,22,lubelskie
229,2020-04-04,165,136,6,23,lubelskie
230,2020-04-05,174,142,6,26,lubelskie
231,2020-04-06,181,137,7,37,lubelskie
232,2020-04-07,192,140,7,45,lubelskie
233,2020-04-08,199,142,8,49,lubelskie
234,2020-04-09,204,143,8,53,lubelskie
235,2020-04-10,221,151,9,61,lubelskie
236,2020-04-11,224,143,10,71,lubelskie
237,2020-04-12,233,147,10,76,lubelskie
238,2020-04-13,239,151,10,78,lubelskie
239,2020-04-14,243,151,10,82,lubelskie
240,2020-04-15,269,173,10,86,lubelskie
241,2020-04-16,278,176,10,92,lubelskie
242,2020-04-17,289,182,10,97,lubelskie
243,2020-04-18,292,184,10,98,lubelskie
244,2020-04-19,307,194,10,103,lubelskie
245,2020-04-20,310,187,10,113,lubelskie
246,2020-04-21,324,195,10,119,lubelskie
247,2020-04-22,331,198,10,123,lubelskie
248,2020-04-23,335,195,10,130,lubelskie
249,2020-04-24,341,192,10,139,lubelskie
250,2020-04-25,345,193,10,142,lubelskie
251,2020-04-26,350,191,12,147,lubelskie
252,2020-04-27,352,191,13,148,lubelskie
253,2020-04-28,355,180,13,162,lubelskie
254,2020-04-29,358,178,13,167,lubelskie
255,2020-04-30,359,167,13,179,lubelskie
256,2020-05-01,364,158,13,193,lubelskie
257,2020-05-02,366,157,13,196,lubelskie
258,2020-05-03,373,162,14,197,lubelskie
259,2020-05-04,373,149,14,210,lubelskie
260,2020-05-05,375,143,14,218,lubelskie
261,2020-05-06,379,145,14,220,lubelskie
262,2020-05-07,380,133,14,233,lubelskie
263,2020-05-08,383,124,14,245,lubelskie
264,2020-05-09,385,124,14,247,lubelskie
265,2020-05-10,387,120,14,253,lubelskie
266,2020-05-11,391,115,14,262,lubelskie
267,2020-05-12,395,114,14,267,lubelskie
268,2020-05-13,397,111,14,272,lubelskie
269,2020-05-14,399,111,14,274,lubelskie
270,2020-05-15,400,108,14,278,lubelskie
271,2020-05-16,400,107,14,279,lubelskie
272,2020-05-17,401,106,14,281,lubelskie
273,2020-05-18,408,107,14,287,lubelskie
274,2020-05-19,408,103,14,291,lubelskie
275,2020-05-20,410,100,14,296,lubelskie
276,2020-05-21,416,101,15,300,lubelskie
277,2020-05-22,419,97,15,307,lubelskie
278,2020-05-23,420,97,15,308,lubelskie
279,2020-05-24,433,103,15,315,lubelskie
280,2020-05-25,445,110,15,320,lubelskie
281,2020-05-26,448,110,15,323,lubelskie
282,2020-05-27,470,131,15,324,lubelskie
283,2020-05-28,484,143,15,326,lubelskie
284,2020-05-29,485,141,15,329,lubelskie
285,2020-05-30,485,139,15,331,lubelskie
286,2020-05-31,492,142,15,335,lubelskie
287,2020-06-01,494,135,15,344,lubelskie
288,2020-06-02,494,124,15,355,lubelskie
289,2020-06-03,502,103,15,384,lubelskie
290,2020-06-04,503,90,15,398,lubelskie
291,2020-06-05,504,79,15,410,lubelskie
292,2020-06-06,507,77,16,414,lubelskie
293,2020-06-07,513,80,16,417,lubelskie
294,2020-06-08,514,74,16,424,lubelskie
295,2020-06-09,518,70,16,432,lubelskie
296,2020-06-10,519,60,16,443,lubelskie
297,2020-06-11,521,57,16,448,lubelskie
298,2020-06-12,523,58,16,449,lubelskie
299,2020-06-13,529,60,16,453,lubelskie
300,2020-06-14,542,73,16,453,lubelskie
301,2020-06-15,543,66,16,461,lubelskie
302,2020-06-16,552,75,16,461,lubelskie
303,2020-06-17,554,74,16,464,lubelskie
304,2020-06-18,561,79,16,466,lubelskie
305,2020-06-19,575,86,17,472,lubelskie
306,2020-06-20,580,89,17,474,lubelskie
307,2020-06-21,591,99,17,475,lubelskie
308,2020-06-22,605,107,17,481,lubelskie
309,2020-06-23,609,109,17,483,lubelskie
310,2020-06-24,613,113,17,483,lubelskie
311,2020-06-25,619,119,17,483,lubelskie
312,2020-03-14,1,0,0,0,lubuskie
313,2020-03-15,2,0,0,0,lubuskie
314,2020-03-16,2,0,0,0,lubuskie
315,2020-03-17,2,0,0,0,lubuskie
316,2020-03-18,3,0,0,0,lubuskie
317,2020-03-19,9,0,0,0,lubuskie
318,2020-03-20,9,8,0,1,lubuskie
319,2020-03-21,9,8,0,1,lubuskie
320,2020-03-22,11,10,0,1,lubuskie
321,2020-03-23,16,15,0,1,lubuskie
322,2020-03-24,20,19,0,1,lubuskie
323,2020-03-25,20,19,0,1,lubuskie
324,2020-03-26,30,29,0,1,lubuskie
325,2020-03-27,31,30,0,1,lubuskie
326,2020-03-28,32,31,0,1,lubuskie
327,2020-03-29,32,31,0,1,lubuskie
328,2020-03-30,36,35,0,1,lubuskie
329,2020-03-31,42,41,0,1,lubuskie
330,2020-04-01,47,46,0,1,lubuskie
331,2020-04-02,48,47,0,1,lubuskie
332,2020-04-03,49,45,0,4,lubuskie
333,2020-04-04,56,52,0,4,lubuskie
334,2020-04-05,59,55,0,4,lubuskie
335,2020-04-06,62,53,0,9,lubuskie
336,2020-04-07,62,53,0,9,lubuskie
337,2020-04-08,66,52,0,14,lubuskie
338,2020-04-09,69,52,0,17,lubuskie
339,2020-04-10,74,56,0,18,lubuskie
340,2020-04-11,76,57,0,19,lubuskie
341,2020-04-12,78,59,0,19,lubuskie
342,2020-04-13,78,59,0,19,lubuskie
343,2020-04-14,79,58,0,21,lubuskie
344,2020-04-15,79,53,0,26,lubuskie
345,2020-04-16,81,55,0,26,lubuskie
346,2020-04-17,81,53,0,28,lubuskie
347,2020-04-18,81,48,0,33,lubuskie
348,2020-04-19,81,45,0,36,lubuskie
349,2020-04-20,82,46,0,36,lubuskie
350,2020-04-21,84,40,0,44,lubuskie
351,2020-04-22,85,39,0,46,lubuskie
352,2020-04-23,85,38,0,47,lubuskie
353,2020-04-24,85,35,0,50,lubuskie
354,2020-04-25,85,31,0,54,lubuskie
355,2020-04-26,87,32,0,55,lubuskie
356,2020-04-27,87,21,0,66,lubuskie
357,2020-04-28,87,21,0,66,lubuskie
358,2020-04-29,87,18,0,69,lubuskie
359,2020-04-30,87,18,0,69,lubuskie
360,2020-05-01,87,18,0,69,lubuskie
361,2020-05-02,87,18,0,69,lubuskie
362,2020-05-03,88,19,0,69,lubuskie
363,2020-05-04,90,20,0,70,lubuskie
364,2020-05-05,90,19,0,71,lubuskie
365,2020-05-06,90,16,0,74,lubuskie
366,2020-05-07,92,17,0,75,lubuskie
367,2020-05-08,92,16,0,76,lubuskie
368,2020-05-09,92,16,0,76,lubuskie
369,2020-05-10,92,16,0,76,lubuskie
370,2020-05-11,92,16,0,76,lubuskie
371,2020-05-12,92,15,0,77,lubuskie
372,2020-05-13,92,15,0,77,lubuskie
373,2020-05-14,92,14,0,78,lubuskie
374,2020-05-15,92,13,0,79,lubuskie
375,2020-05-16,92,13,0,79,lubuskie
376,2020-05-17,92,13,0,79,lubuskie
377,2020-05-18,92,11,0,81,lubuskie
378,2020-05-19,92,8,0,84,lubuskie
379,2020-05-20,92,7,0,85,lubuskie
380,2020-05-21,95,10,0,85,lubuskie
381,2020-05-22,97,12,0,85,lubuskie
382,2020-05-23,99,14,0,85,lubuskie
383,2020-05-24,103,18,0,85,lubuskie
384,2020-05-25,108,23,0,85,lubuskie
385,2020-05-26,111,24,0,87,lubuskie
386,2020-05-27,111,24,0,87,lubuskie
387,2020-05-28,113,25,0,88,lubuskie
388,2020-05-29,114,26,0,88,lubuskie
389,2020-05-30,116,28,0,88,lubuskie
390,2020-05-31,116,28,0,88,lubuskie
391,2020-06-01,118,26,0,92,lubuskie
392,2020-06-02,120,28,0,92,lubuskie
393,2020-06-03,122,29,0,93,lubuskie
394,2020-06-04,122,29,0,93,lubuskie
395,2020-06-05,124,29,0,95,lubuskie
396,2020-06-06,124,28,0,96,lubuskie
397,2020-06-07,126,29,0,97,lubuskie
398,2020-06-08,126,29,0,97,lubuskie
399,2020-06-09,129,31,0,98,lubuskie
400,2020-06-10,129,29,0,100,lubuskie
401,2020-06-11,129,28,0,101,lubuskie
402,2020-06-12,130,27,0,103,lubuskie
403,2020-06-13,131,28,0,103,lubuskie
404,2020-06-14,132,28,0,104,lubuskie
405,2020-06-15,133,28,0,105,lubuskie
406,2020-06-16,134,29,0,105,lubuskie
407,2020-06-17,140,33,0,107,lubuskie
408,2020-06-18,140,32,0,108,lubuskie
409,2020-06-19,140,29,0,111,lubuskie
410,2020-06-20,143,31,0,112,lubuskie
411,2020-06-21,144,32,0,112,lubuskie
412,2020-06-22,145,31,0,114,lubuskie
413,2020-06-23,145,31,0,114,lubuskie
414,2020-06-24,145,31,0,114,lubuskie
415,2020-06-25,146,32,0,114,lubuskie
416,2020-03-12,2,0,0,0,łódzkie
417,2020-03-13,5,0,0,0,łódzkie
418,2020-03-14,15,0,0,0,łódzkie
419,2020-03-16,21,0,0,0,łódzkie
420,2020-03-17,34,0,0,0,łódzkie
421,2020-03-19,48,0,0,0,łódzkie
422,2020-03-20,48,0,0,0,łódzkie
423,2020-03-21,57,0,0,0,łódzkie
424,2020-03-22,106,0,0,0,łódzkie
425,2020-03-23,111,0,0,0,łódzkie
426,2020-03-24,129,0,0,0,łódzkie
427,2020-03-26,158,0,0,0,łódzkie
428,2020-03-27,168,0,0,0,łódzkie
429,2020-03-28,182,171,0,11,łódzkie
430,2020-03-29,190,179,0,11,łódzkie
431,2020-03-30,202,191,0,11,łódzkie
432,2020-03-31,208,194,0,14,łódzkie
433,2020-04-01,221,203,1,17,łódzkie
434,2020-04-02,236,218,1,17,łódzkie
435,2020-04-03,248,230,1,17,łódzkie
436,2020-04-04,259,219,3,37,łódzkie
437,2020-04-05,326,285,3,38,łódzkie
438,2020-04-06,340,299,3,38,łódzkie
439,2020-04-07,358,300,5,53,łódzkie
440,2020-04-08,400,311,5,84,łódzkie
441,2020-04-09,432,330,7,95,łódzkie
442,2020-04-10,463,357,7,99,łódzkie
443,2020-04-11,492,380,7,105,łódzkie
444,2020-04-12,529,417,7,105,łódzkie
445,2020-04-13,551,418,7,126,łódzkie
446,2020-04-14,567,428,7,132,łódzkie
447,2020-04-15,572,425,8,139,łódzkie
448,2020-04-16,590,440,8,142,łódzkie
449,2020-04-17,607,449,8,150,łódzkie
450,2020-04-18,640,471,8,161,łódzkie
451,2020-04-19,660,470,8,182,łódzkie
452,2020-04-20,682,478,10,194,łódzkie
453,2020-04-21,694,482,10,202,łódzkie
454,2020-04-22,765,542,12,211,łódzkie
455,2020-04-23,781,535,19,227,łódzkie
456,2020-04-24,813,542,20,251,łódzkie
457,2020-04-25,836,541,21,274,łódzkie
458,2020-04-26,855,551,21,283,łódzkie
459,2020-04-27,890,582,21,287,łódzkie
460,2020-04-28,904,563,23,318,łódzkie
461,2020-04-29,936,563,27,346,łódzkie
462,2020-04-30,954,561,31,362,łódzkie
463,2020-05-01,972,555,34,383,łódzkie
464,2020-05-02,1006,584,34,388,łódzkie
465,2020-05-03,1049,613,34,402,łódzkie
466,2020-05-04,1068,626,34,408,łódzkie
467,2020-05-05,1080,626,35,419,łódzkie
468,2020-05-06,1098,640,36,422,łódzkie
469,2020-05-07,1150,681,39,430,łódzkie
470,2020-05-08,1150,668,40,442,łódzkie
471,2020-05-09,1166,680,40,446,łódzkie
472,2020-05-10,1178,684,40,454,łódzkie
473,2020-05-11,1188,693,40,455,łódzkie
474,2020-05-12,1201,677,44,480,łódzkie
475,2020-05-13,1212,656,45,511,łódzkie
476,2020-05-14,1219,627,45,547,łódzkie
477,2020-05-15,1227,618,46,563,łódzkie
478,2020-05-16,1234,577,47,610,łódzkie
479,2020-05-17,1240,501,48,691,łódzkie
480,2020-05-18,1251,449,48,754,łódzkie
481,2020-05-19,1257,444,49,764,łódzkie
482,2020-05-20,1273,443,51,779,łódzkie
483,2020-05-21,1279,432,51,796,łódzkie
484,2020-05-22,1316,393,51,872,łódzkie
485,2020-05-23,1328,351,58,919,łódzkie
486,2020-05-24,1347,360,58,929,łódzkie
487,2020-05-25,1362,372,58,932,łódzkie
488,2020-05-26,1384,374,61,949,łódzkie
489,2020-05-27,1412,379,63,970,łódzkie
490,2020-05-28,1458,397,63,998,łódzkie
491,2020-05-29,1488,401,64,1023,łódzkie
492,2020-05-30,1523,416,66,1041,łódzkie
493,2020-05-31,1553,432,66,1055,łódzkie
494,2020-06-01,1610,481,66,1063,łódzkie
495,2020-06-02,1613,473,71,1069,łódzkie
496,2020-06-03,1667,520,73,1074,łódzkie
497,2020-06-04,1779,626,74,1079,łódzkie
498,2020-06-05,1826,666,76,1084,łódzkie
499,2020-06-06,1888,720,79,1089,łódzkie
500,2020-06-07,2007,835,79,1093,łódzkie
501,2020-06-08,2084,904,82,1098,łódzkie
502,2020-06-09,2129,940,86,1103,łódzkie
503,2020-06-10,2167,965,93,1109,łódzkie
504,2020-06-11,2240,1028,101,1111,łódzkie
505,2020-06-12,2330,1113,101,1116,łódzkie
506,2020-06-13,2367,1129,107,1131,łódzkie
507,2020-06-14,2406,1167,107,1132,łódzkie
508,2020-06-15,2479,1236,107,1136,łódzkie
509,2020-06-16,2540,1279,113,1148,łódzkie
510,2020-06-17,2604,1321,118,1165,łódzkie
511,2020-06-18,2679,1375,131,1173,łódzkie
512,2020-06-19,2742,1427,133,1182,łódzkie
513,2020-06-20,2785,1465,133,1187,łódzkie
514,2020-06-21,2828,1497,140,1191,łódzkie
515,2020-06-22,2876,1545,140,1191,łódzkie
516,2020-06-23,2916,1561,145,1210,łódzkie
517,2020-06-24,2954,1585,148,1221,łódzkie
518,2020-06-25,2996,1620,155,1221,łódzkie
519,2020-03-11,1,0,0,0,małopolskie
520,2020-03-12,1,0,0,0,małopolskie
521,2020-03-13,1,0,0,0,małopolskie
522,2020-03-14,1,0,0,0,małopolskie
523,2020-03-15,1,0,0,0,małopolskie
524,2020-03-16,2,0,0,0,małopolskie
525,2020-03-17,5,0,0,0,małopolskie
526,2020-03-18,6,0,0,0,małopolskie
527,2020-03-19,7,0,0,0,małopolskie
528,2020-03-20,14,0,0,0,małopolskie
529,2020-03-21,15,0,0,0,małopolskie
530,2020-03-22,24,0,0,0,małopolskie
531,2020-03-23,31,0,0,0,małopolskie
532,2020-03-24,48,0,0,0,małopolskie
533,2020-03-25,52,0,0,0,małopolskie
534,2020-03-26,69,0,0,0,małopolskie
535,2020-03-27,93,0,0,0,małopolskie
536,2020-03-28,109,0,0,0,małopolskie
537,2020-03-29,145,0,0,0,małopolskie
538,2020-03-30,174,0,0,0,małopolskie
539,2020-03-31,192,0,1,0,małopolskie
540,2020-04-01,209,0,1,0,małopolskie
541,2020-04-02,230,0,4,0,małopolskie
542,2020-04-03,258,0,5,0,małopolskie
543,2020-04-04,308,302,5,1,małopolskie
544,2020-04-05,327,318,7,2,małopolskie
545,2020-04-06,341,331,7,3,małopolskie
546,2020-04-07,371,358,8,5,małopolskie
547,2020-04-08,380,367,8,5,małopolskie
548,2020-04-09,432,418,8,6,małopolskie
549,2020-04-10,452,435,9,8,małopolskie
550,2020-04-11,485,463,10,12,małopolskie
551,2020-04-12,505,481,11,13,małopolskie
552,2020-04-13,518,493,12,13,małopolskie
553,2020-04-14,537,510,13,14,małopolskie
554,2020-04-15,561,521,15,25,małopolskie
555,2020-04-16,575,521,15,39,małopolskie
556,2020-04-17,596,531,16,49,małopolskie
557,2020-04-18,630,557,16,57,małopolskie
558,2020-04-19,646,560,17,69,małopolskie
559,2020-04-20,679,584,19,76,małopolskie
560,2020-04-21,707,605,20,82,małopolskie
561,2020-04-22,734,619,21,94,małopolskie
562,2020-04-23,766,629,23,114,małopolskie
563,2020-04-24,788,633,25,130,małopolskie
564,2020-04-25,812,645,27,140,małopolskie
565,2020-04-26,821,643,27,151,małopolskie
566,2020-04-27,841,639,29,173,małopolskie
567,2020-04-28,852,636,29,187,małopolskie
568,2020-04-29,876,639,30,207,małopolskie
569,2020-04-30,897,641,30,226,małopolskie
570,2020-05-01,913,645,30,238,małopolskie
571,2020-05-02,934,664,31,239,małopolskie
572,2020-05-03,944,667,31,246,małopolskie
573,2020-05-04,976,662,31,283,małopolskie
574,2020-05-05,997,658,32,307,małopolskie
575,2020-05-06,1009,651,32,326,małopolskie
576,2020-05-07,1019,639,33,347,małopolskie
577,2020-05-08,1033,620,33,380,małopolskie
578,2020-05-09,1043,620,34,389,małopolskie
579,2020-05-10,1047,602,35,410,małopolskie
580,2020-05-11,1071,594,35,442,małopolskie
581,2020-05-12,1074,567,35,472,małopolskie
582,2020-05-13,1084,560,35,489,małopolskie
583,2020-05-14,1108,547,35,526,małopolskie
584,2020-05-15,1117,534,35,548,małopolskie
585,2020-05-16,1124,521,37,566,małopolskie
586,2020-05-17,1128,517,39,572,małopolskie
587,2020-05-18,1133,493,39,601,małopolskie
588,2020-05-19,1148,482,39,627,małopolskie
589,2020-05-20,1150,459,40,651,małopolskie
590,2020-05-21,1165,447,40,678,małopolskie
591,2020-05-22,1167,420,40,707,małopolskie
592,2020-05-23,1171,412,40,719,małopolskie
593,2020-05-24,1176,409,40,727,małopolskie
594,2020-05-25,1176,389,40,747,małopolskie
595,2020-05-26,1179,358,40,781,małopolskie
596,2020-05-27,1181,337,40,804,małopolskie
597,2020-05-28,1190,323,40,827,małopolskie
598,2020-05-29,1199,310,40,849,małopolskie
599,2020-05-30,1215,319,40,856,małopolskie
600,2020-05-31,1225,327,40,858,małopolskie
601,2020-06-01,1232,309,40,883,małopolskie
602,2020-06-02,1241,308,40,893,małopolskie
603,2020-06-03,1257,310,40,907,małopolskie
604,2020-06-04,1278,322,40,916,małopolskie
605,2020-06-05,1305,335,40,930,małopolskie
606,2020-06-06,1327,343,40,944,małopolskie
607,2020-06-07,1359,367,40,952,małopolskie
608,2020-06-08,1389,393,40,956,małopolskie
609,2020-06-09,1432,406,40,986,małopolskie
610,2020-06-10,1452,404,40,1008,małopolskie
611,2020-06-11,1461,401,40,1020,małopolskie
612,2020-06-12,1474,411,40,1023,małopolskie
613,2020-06-13,1492,416,40,1036,małopolskie
614,2020-06-14,1508,431,40,1037,małopolskie
615,2020-06-15,1517,439,40,1038,małopolskie
616,2020-06-16,1529,438,40,1051,małopolskie
617,2020-06-17,1552,454,40,1058,małopolskie
618,2020-06-18,1564,452,41,1071,małopolskie
619,2020-06-19,1577,456,41,1080,małopolskie
620,2020-06-20,1600,460,43,1097,małopolskie
621,2020-06-21,1616,466,44,1106,małopolskie
622,2020-06-22,1622,471,44,1107,małopolskie
623,2020-06-23,1624,458,44,1122,małopolskie
624,2020-06-24,1629,455,44,1130,małopolskie
625,2020-06-25,1640,455,44,1141,małopolskie
626,2020-03-12,6,0,0,0,mazowieckie
627,2020-03-13,11,0,0,0,mazowieckie
628,2020-03-14,16,0,0,0,mazowieckie
629,2020-03-15,22,0,0,0,mazowieckie
630,2020-03-16,30,0,0,0,mazowieckie
631,2020-03-17,38,0,0,0,mazowieckie
632,2020-03-18,66,0,0,0,mazowieckie
633,2020-03-19,82,0,0,0,mazowieckie
634,2020-03-20,107,0,0,0,mazowieckie
635,2020-03-21,126,0,0,0,mazowieckie
636,2020-03-22,147,0,1,0,mazowieckie
637,2020-03-23,175,0,1,0,mazowieckie
638,2020-03-24,212,0,1,0,mazowieckie
639,2020-03-26,291,0,3,0,mazowieckie
640,2020-03-27,318,0,3,0,mazowieckie
641,2020-03-28,421,0,4,0,mazowieckie
642,2020-03-29,461,0,4,0,mazowieckie
643,2020-03-30,487,475,7,5,mazowieckie
644,2020-03-31,544,528,9,7,mazowieckie
645,2020-04-01,612,594,11,7,mazowieckie
646,2020-04-02,754,733,14,7,mazowieckie
647,2020-04-03,808,786,14,8,mazowieckie
648,2020-04-04,901,874,19,8,mazowieckie
649,2020-04-05,967,937,20,10,mazowieckie
650,2020-04-06,1065,1028,23,14,mazowieckie
651,2020-04-07,1247,1203,25,19,mazowieckie
652,2020-04-08,1314,1250,37,27,mazowieckie
653,2020-04-09,1424,1349,41,34,mazowieckie
654,2020-04-10,1501,1403,53,45,mazowieckie
655,2020-04-11,1629,1513,65,51,mazowieckie
656,2020-04-12,1664,1529,69,66,mazowieckie
657,2020-04-13,1688,1468,70,150,mazowieckie
658,2020-04-14,1715,1481,75,159,mazowieckie
659,2020-04-15,1792,1533,83,176,mazowieckie
660,2020-04-16,1846,1551,96,199,mazowieckie
661,2020-04-17,1883,1565,100,218,mazowieckie
662,2020-04-18,1936,1593,107,236,mazowieckie
663,2020-04-19,1992,1617,108,267,mazowieckie
664,2020-04-20,2030,1606,116,308,mazowieckie
665,2020-04-21,2059,1582,126,351,mazowieckie
666,2020-04-22,2098,1573,132,393,mazowieckie
667,2020-04-23,2166,1587,142,437,mazowieckie
668,2020-04-24,2206,1566,161,479,mazowieckie
669,2020-04-25,2302,1621,172,509,mazowieckie
670,2020-04-26,2348,1638,174,536,mazowieckie
671,2020-04-27,2376,1609,182,585,mazowieckie
672,2020-04-28,2391,1559,195,637,mazowieckie
673,2020-04-29,2427,1550,198,679,mazowieckie
674,2020-04-30,2452,1514,205,733,mazowieckie
675,2020-05-01,2477,1506,206,765,mazowieckie
676,2020-05-02,2508,1527,206,775,mazowieckie
677,2020-05-03,2541,1545,207,789,mazowieckie
678,2020-05-04,2553,1494,211,848,mazowieckie
679,2020-05-05,2631,1458,214,959,mazowieckie
680,2020-05-06,2673,1438,215,1020,mazowieckie
681,2020-05-07,2709,1409,217,1083,mazowieckie
682,2020-05-08,2731,1368,219,1144,mazowieckie
683,2020-05-09,2765,1355,222,1188,mazowieckie
684,2020-05-10,2791,1367,222,1202,mazowieckie
685,2020-05-11,2808,1346,222,1240,mazowieckie
686,2020-05-12,2829,1325,225,1279,mazowieckie
687,2020-05-13,2880,1339,228,1313,mazowieckie
688,2020-05-14,2902,1333,230,1339,mazowieckie
689,2020-05-15,2930,1344,230,1356,mazowieckie
690,2020-05-16,2949,1327,231,1391,mazowieckie
691,2020-05-17,2970,1318,232,1420,mazowieckie
692,2020-05-18,3003,1314,234,1455,mazowieckie
693,2020-05-19,3040,1308,237,1495,mazowieckie
694,2020-05-20,3082,1320,242,1520,mazowieckie
695,2020-05-21,3128,1337,245,1546,mazowieckie
696,2020-05-22,3157,1343,247,1567,mazowieckie
697,2020-05-23,3197,1374,247,1576,mazowieckie
698,2020-05-24,3217,1386,247,1584,mazowieckie
699,2020-05-25,3283,1435,253,1595,mazowieckie
700,2020-05-26,3359,1477,256,1626,mazowieckie
701,2020-05-27,3396,1498,256,1642,mazowieckie
702,2020-05-28,3461,1537,257,1667,mazowieckie
703,2020-05-29,3494,1507,262,1725,mazowieckie
704,2020-05-30,3546,1531,264,1751,mazowieckie
705,2020-05-31,3581,1557,264,1760,mazowieckie
706,2020-06-01,3628,1585,269,1774,mazowieckie
707,2020-06-02,3660,1555,275,1830,mazowieckie
708,2020-06-03,3688,1565,279,1844,mazowieckie
709,2020-06-04,3738,1595,281,1862,mazowieckie
710,2020-06-05,3796,1626,283,1887,mazowieckie
711,2020-06-06,3842,1646,283,1913,mazowieckie
712,2020-06-07,3878,1678,283,1917,mazowieckie
713,2020-06-08,3953,1737,284,1932,mazowieckie
714,2020-06-09,4033,1794,285,1954,mazowieckie
715,2020-06-10,4118,1841,294,1983,mazowieckie
716,2020-06-11,4172,1882,297,1993,mazowieckie
717,2020-06-12,4239,1936,298,2005,mazowieckie
718,2020-06-13,4304,1988,299,2017,mazowieckie
719,2020-06-14,4355,2032,300,2023,mazowieckie
720,2020-06-15,4410,2059,303,2048,mazowieckie
721,2020-06-16,4446,2067,308,2071,mazowieckie
722,2020-06-17,4503,2092,310,2101,mazowieckie
723,2020-06-18,4547,2099,310,2138,mazowieckie
724,2020-06-19,4631,2140,314,2177,mazowieckie
725,2020-06-20,4683,2173,314,2196,mazowieckie
726,2020-06-21,4722,2188,314,2220,mazowieckie
727,2020-06-22,4755,2203,318,2234,mazowieckie
728,2020-06-23,4795,2214,324,2257,mazowieckie
729,2020-06-24,4828,2223,324,2281,mazowieckie
730,2020-06-25,4861,2256,324,2281,mazowieckie
731,2020-03-11,1,0,0,0,opolskie
732,2020-03-13,2,0,0,0,opolskie
733,2020-03-14,3,0,0,0,opolskie
734,2020-03-17,7,0,0,0,opolskie
735,2020-03-18,9,0,0,0,opolskie
736,2020-03-19,10,0,0,0,opolskie
737,2020-03-22,14,11,0,3,opolskie
738,2020-03-23,19,16,0,3,opolskie
739,2020-03-25,23,20,0,3,opolskie
740,2020-03-26,24,21,0,3,opolskie
741,2020-03-27,28,25,0,3,opolskie
742,2020-03-28,31,28,0,3,opolskie
743,2020-03-29,43,40,0,3,opolskie
744,2020-03-30,54,51,0,3,opolskie
745,2020-03-31,66,63,0,3,opolskie
746,2020-04-01,73,70,0,3,opolskie
747,2020-04-02,78,74,1,3,opolskie
748,2020-04-03,90,85,1,4,opolskie
749,2020-04-04,90,85,1,4,opolskie
750,2020-04-05,94,88,1,5,opolskie
751,2020-04-06,101,95,1,5,opolskie
752,2020-04-07,107,99,3,5,opolskie
753,2020-04-08,116,103,5,8,opolskie
754,2020-04-09,127,113,6,8,opolskie
755,2020-04-10,132,118,6,8,opolskie
756,2020-04-11,143,129,6,8,opolskie
757,2020-04-12,153,138,7,8,opolskie
758,2020-04-13,173,158,7,8,opolskie
759,2020-04-14,208,191,7,10,opolskie
760,2020-04-15,221,200,9,12,opolskie
761,2020-04-16,232,208,10,14,opolskie
762,2020-04-17,256,227,13,16,opolskie
763,2020-04-18,273,239,14,20,opolskie
764,2020-04-19,277,243,14,20,opolskie
765,2020-04-20,293,259,14,20,opolskie
766,2020-04-21,299,264,15,20,opolskie
767,2020-04-22,325,290,15,20,opolskie
768,2020-04-23,331,294,17,20,opolskie
769,2020-04-24,346,303,21,22,opolskie
770,2020-04-25,353,308,23,22,opolskie
771,2020-04-26,364,318,24,22,opolskie
772,2020-04-27,374,325,26,23,opolskie
773,2020-04-28,379,310,27,42,opolskie
774,2020-04-29,391,318,28,45,opolskie
775,2020-04-30,395,320,28,47,opolskie
776,2020-05-01,399,306,28,65,opolskie
777,2020-05-02,407,314,28,65,opolskie
778,2020-05-03,423,330,28,65,opolskie
779,2020-05-04,436,336,29,71,opolskie
780,2020-05-05,441,319,29,93,opolskie
781,2020-05-06,451,315,30,106,opolskie
782,2020-05-07,460,319,31,110,opolskie
783,2020-05-08,476,318,32,126,opolskie
784,2020-05-09,479,304,32,143,opolskie
785,2020-05-10,491,312,33,146,opolskie
786,2020-05-11,498,307,34,157,opolskie
787,2020-05-12,499,287,34,178,opolskie
788,2020-05-13,503,277,36,190,opolskie
789,2020-05-14,511,273,38,200,opolskie
790,2020-05-15,528,276,39,213,opolskie
791,2020-05-16,536,284,39,213,opolskie
792,2020-05-17,545,291,39,215,opolskie
793,2020-05-18,552,298,39,215,opolskie
794,2020-05-19,557,302,40,215,opolskie
795,2020-05-20,570,280,42,248,opolskie
796,2020-05-21,578,268,42,268,opolskie
797,2020-05-22,587,272,43,272,opolskie
798,2020-05-23,592,277,43,272,opolskie
799,2020-05-24,595,264,44,287,opolskie
800,2020-05-25,600,260,44,296,opolskie
801,2020-05-26,603,245,46,312,opolskie
802,2020-05-27,612,247,46,319,opolskie
803,2020-05-28,624,253,46,325,opolskie
804,2020-05-29,633,262,46,325,opolskie
805,2020-05-30,644,267,46,331,opolskie
806,2020-05-31,645,268,46,331,opolskie
807,2020-06-01,654,255,46,353,opolskie
808,2020-06-02,668,259,47,362,opolskie
809,2020-06-03,687,277,48,362,opolskie
810,2020-06-04,695,285,48,362,opolskie
811,2020-06-05,703,285,48,370,opolskie
812,2020-06-06,722,294,48,380,opolskie
813,2020-06-07,730,292,48,390,opolskie
814,2020-06-08,739,295,48,396,opolskie
815,2020-06-09,749,299,48,402,opolskie
816,2020-06-10,760,305,48,407,opolskie
817,2020-06-11,762,302,48,412,opolskie
818,2020-06-12,772,312,48,412,opolskie
819,2020-06-13,790,317,48,425,opolskie
820,2020-06-14,806,320,48,438,opolskie
821,2020-06-15,812,321,50,441,opolskie
822,2020-06-16,818,316,50,452,opolskie
823,2020-06-17,826,317,50,459,opolskie
824,2020-06-18,834,315,50,469,opolskie
825,2020-06-19,836,279,50,507,opolskie
826,2020-06-20,838,295,50,493,opolskie
827,2020-06-21,852,289,50,513,opolskie
828,2020-06-22,852,289,50,513,opolskie
829,2020-06-23,857,294,50,513,opolskie
830,2020-06-24,866,303,50,513,opolskie
831,2020-06-25,889,326,50,513,opolskie
832,2020-04-05,149,135,5,9,podkarpackie
833,2020-04-06,156,141,6,9,podkarpackie
834,2020-04-07,168,151,7,10,podkarpackie
835,2020-04-08,180,161,9,10,podkarpackie
836,2020-04-09,194,174,10,10,podkarpackie
837,2020-04-10,209,186,10,13,podkarpackie
838,2020-04-11,220,195,11,14,podkarpackie
839,2020-04-12,221,192,11,18,podkarpackie
840,2020-04-13,225,182,13,30,podkarpackie
841,2020-04-14,234,181,13,40,podkarpackie
842,2020-04-15,243,180,14,49,podkarpackie
843,2020-04-16,246,182,15,49,podkarpackie
844,2020-04-17,251,173,15,63,podkarpackie
845,2020-04-18,259,178,15,66,podkarpackie
846,2020-04-19,263,166,16,81,podkarpackie
847,2020-04-20,266,160,16,90,podkarpackie
848,2020-04-21,270,150,16,104,podkarpackie
849,2020-04-22,276,132,16,128,podkarpackie
850,2020-04-23,279,113,16,150,podkarpackie
851,2020-04-24,288,112,16,160,podkarpackie
852,2020-04-25,311,134,16,161,podkarpackie
853,2020-04-26,313,124,16,173,podkarpackie
854,2020-04-27,316,118,18,180,podkarpackie
855,2020-04-28,325,114,19,192,podkarpackie
856,2020-04-29,328,106,23,199,podkarpackie
857,2020-04-30,329,101,23,205,podkarpackie
858,2020-05-01,337,107,23,207,podkarpackie
859,2020-05-02,341,104,23,214,podkarpackie
860,2020-05-03,350,104,24,222,podkarpackie
861,2020-05-04,363,113,24,226,podkarpackie
862,2020-05-05,366,113,24,229,podkarpackie
863,2020-05-06,366,100,25,241,podkarpackie
864,2020-05-07,368,98,27,243,podkarpackie
865,2020-05-08,370,96,27,247,podkarpackie
866,2020-05-09,370,94,27,249,podkarpackie
867,2020-05-10,371,91,28,252,podkarpackie
868,2020-05-11,371,84,29,258,podkarpackie
869,2020-05-12,371,78,29,264,podkarpackie
870,2020-05-13,371,76,29,266,podkarpackie
871,2020-05-14,373,70,30,273,podkarpackie
872,2020-05-15,373,64,31,278,podkarpackie
873,2020-05-16,374,57,31,286,podkarpackie
874,2020-05-17,374,51,31,292,podkarpackie
875,2020-05-18,374,39,34,301,podkarpackie
876,2020-05-19,374,30,34,310,podkarpackie
877,2020-05-20,374,27,34,313,podkarpackie
878,2020-05-21,375,25,34,316,podkarpackie
879,2020-05-22,376,24,34,318,podkarpackie
880,2020-05-23,377,23,35,319,podkarpackie
881,2020-05-24,378,24,35,319,podkarpackie
882,2020-05-25,378,23,35,320,podkarpackie
883,2020-05-26,378,21,35,322,podkarpackie
884,2020-05-27,378,17,35,326,podkarpackie
885,2020-05-28,380,18,35,327,podkarpackie
886,2020-05-29,382,19,35,328,podkarpackie
887,2020-05-30,382,19,35,328,podkarpackie
888,2020-05-31,387,21,35,331,podkarpackie
889,2020-06-01,387,20,35,332,podkarpackie
890,2020-06-02,387,19,35,333,podkarpackie
891,2020-06-03,388,18,36,334,podkarpackie
892,2020-06-04,388,18,36,334,podkarpackie
893,2020-06-06,389,17,37,335,podkarpackie
894,2020-06-07,391,18,37,336,podkarpackie
895,2020-06-08,396,21,38,337,podkarpackie
896,2020-06-09,407,30,38,339,podkarpackie
897,2020-06-10,412,35,38,339,podkarpackie
898,2020-06-11,414,37,38,339,podkarpackie
899,2020-06-12,422,44,38,340,podkarpackie
900,2020-06-13,438,58,38,342,podkarpackie
901,2020-06-14,458,75,40,343,podkarpackie
902,2020-06-15,472,89,40,343,podkarpackie
903,2020-06-16,485,100,40,345,podkarpackie
904,2020-06-17,504,119,40,345,podkarpackie
905,2020-06-18,516,129,42,345,podkarpackie
906,2020-06-19,529,139,45,345,podkarpackie
907,2020-06-20,536,145,46,345,podkarpackie
908,2020-06-21,549,153,47,349,podkarpackie
909,2020-06-22,557,160,47,350,podkarpackie
910,2020-06-23,565,167,48,350,podkarpackie
911,2020-06-24,577,175,50,352,podkarpackie
912,2020-06-25,589,187,50,352,podkarpackie
913,2020-03-17,1,0,0,0,podlaskie
914,2020-03-18,1,0,0,0,podlaskie
915,2020-03-19,1,0,0,0,podlaskie
916,2020-03-20,3,0,0,0,podlaskie
917,2020-03-21,5,0,0,0,podlaskie
918,2020-03-22,5,0,0,0,podlaskie
919,2020-03-23,6,0,0,0,podlaskie
920,2020-03-24,7,0,0,0,podlaskie
921,2020-03-25,9,0,0,0,podlaskie
922,2020-03-26,10,0,0,0,podlaskie
923,2020-03-27,17,0,0,0,podlaskie
924,2020-03-28,26,0,0,0,podlaskie
925,2020-03-29,28,0,0,0,podlaskie
926,2020-03-30,36,0,0,0,podlaskie
927,2020-03-31,36,0,0,0,podlaskie
928,2020-04-01,44,0,0,0,podlaskie
929,2020-04-02,59,0,0,0,podlaskie
930,2020-04-03,67,66,0,1,podlaskie
931,2020-04-04,82,81,0,1,podlaskie
932,2020-04-05,82,81,0,1,podlaskie
933,2020-04-06,97,91,1,5,podlaskie
934,2020-04-07,114,108,1,5,podlaskie
935,2020-04-08,131,125,1,5,podlaskie
936,2020-04-09,168,160,2,6,podlaskie
937,2020-04-10,189,179,2,8,podlaskie
938,2020-04-11,192,182,2,8,podlaskie
939,2020-04-12,195,183,2,10,podlaskie
940,2020-04-13,238,221,2,15,podlaskie
941,2020-04-14,246,229,2,15,podlaskie
942,2020-04-15,259,231,2,26,podlaskie
943,2020-04-16,278,243,3,32,podlaskie
944,2020-04-17,291,253,3,35,podlaskie
945,2020-04-18,316,276,3,37,podlaskie
946,2020-04-19,321,268,3,50,podlaskie
947,2020-04-20,327,268,3,56,podlaskie
948,2020-04-21,332,260,3,69,podlaskie
949,2020-04-22,335,238,3,94,podlaskie
950,2020-04-23,341,231,3,107,podlaskie
951,2020-04-24,344,227,3,114,podlaskie
952,2020-04-25,358,226,3,129,podlaskie
953,2020-04-26,361,218,3,140,podlaskie
954,2020-04-27,365,222,3,140,podlaskie
955,2020-04-28,367,210,3,154,podlaskie
956,2020-04-29,367,201,3,163,podlaskie
957,2020-04-30,373,193,3,177,podlaskie
958,2020-05-01,375,176,3,196,podlaskie
959,2020-05-02,377,177,4,196,podlaskie
960,2020-05-03,378,174,5,199,podlaskie
961,2020-05-04,378,163,5,210,podlaskie
962,2020-05-05,379,140,6,233,podlaskie
963,2020-05-06,380,131,6,243,podlaskie
964,2020-05-07,381,106,7,268,podlaskie
965,2020-05-08,383,96,7,280,podlaskie
966,2020-05-09,383,96,7,280,podlaskie
967,2020-05-10,384,97,7,280,podlaskie
968,2020-05-11,384,74,7,303,podlaskie
969,2020-05-12,385,66,7,312,podlaskie
970,2020-05-13,385,56,7,322,podlaskie
971,2020-05-14,386,57,7,322,podlaskie
972,2020-05-15,387,54,7,326,podlaskie
973,2020-05-16,387,54,7,326,podlaskie
974,2020-05-17,388,53,9,326,podlaskie
975,2020-05-18,389,54,9,326,podlaskie
976,2020-05-19,398,52,9,337,podlaskie
977,2020-05-20,404,54,9,341,podlaskie
978,2020-05-21,404,54,9,341,podlaskie
979,2020-05-22,410,56,9,345,podlaskie
980,2020-05-23,415,61,9,345,podlaskie
981,2020-05-24,419,65,9,345,podlaskie
982,2020-05-25,423,61,9,353,podlaskie
983,2020-05-26,430,62,9,359,podlaskie
984,2020-05-27,439,71,9,359,podlaskie
985,2020-05-28,442,72,9,361,podlaskie
986,2020-05-29,445,71,9,365,podlaskie
987,2020-05-30,449,75,9,365,podlaskie
988,2020-05-31,450,76,9,365,podlaskie
989,2020-06-01,458,84,9,365,podlaskie
990,2020-06-02,463,80,9,374,podlaskie
991,2020-06-03,473,90,9,374,podlaskie
992,2020-06-04,485,93,9,383,podlaskie
993,2020-06-05,493,101,9,383,podlaskie
994,2020-06-06,497,105,9,383,podlaskie
995,2020-06-07,518,126,9,383,podlaskie
996,2020-06-08,524,132,9,383,podlaskie
997,2020-06-09,539,140,9,390,podlaskie
998,2020-06-10,550,151,9,390,podlaskie
999,2020-06-11,559,160,9,390,podlaskie
1000,2020-06-12,576,177,9,390,podlaskie
1001,2020-06-13,585,175,9,401,podlaskie
1002,2020-06-14,608,198,9,401,podlaskie
1003,2020-06-15,621,211,9,401,podlaskie
1004,2020-06-16,628,215,9,404,podlaskie
1005,2020-06-17,646,230,9,407,podlaskie
1006,2020-06-18,659,243,9,407,podlaskie
1007,2020-06-19,673,245,10,418,podlaskie
1008,2020-06-20,688,260,10,418,podlaskie
1009,2020-06-21,703,275,10,418,podlaskie
1010,2020-06-22,726,298,10,418,podlaskie
1011,2020-06-23,736,291,10,435,podlaskie
1012,2020-06-24,749,304,10,435,podlaskie
1013,2020-06-25,763,315,10,438,podlaskie
1014,2020-03-14,2,0,0,0,pomorskie
1015,2020-03-15,2,0,0,0,pomorskie
1016,2020-03-16,2,0,0,0,pomorskie
1017,2020-03-17,8,0,0,0,pomorskie
1018,2020-03-18,9,0,0,0,pomorskie
1019,2020-03-19,9,0,0,0,pomorskie
1020,2020-03-20,10,0,0,0,pomorskie
1021,2020-03-21,11,0,0,0,pomorskie
1022,2020-03-22,17,0,0,0,pomorskie
1023,2020-03-23,17,0,0,0,pomorskie
1024,2020-03-24,22,0,0,0,pomorskie
1025,2020-03-25,22,0,0,0,pomorskie
1026,2020-03-26,27,0,0,0,pomorskie
1027,2020-03-27,32,0,0,0,pomorskie
1028,2020-03-28,35,0,0,0,pomorskie
1029,2020-03-29,45,0,0,0,pomorskie
1030,2020-03-30,48,0,0,0,pomorskie
1031,2020-03-31,52,0,0,0,pomorskie
1032,2020-04-01,56,0,0,0,pomorskie
1033,2020-04-02,68,0,0,0,pomorskie
1034,2020-04-03,75,0,0,0,pomorskie
1035,2020-04-04,104,0,0,0,pomorskie
1036,2020-04-05,117,0,0,0,pomorskie
1037,2020-04-06,125,123,0,2,pomorskie
1038,2020-04-07,135,131,0,4,pomorskie
1039,2020-04-08,143,137,1,5,pomorskie
1040,2020-04-09,153,147,1,5,pomorskie
1041,2020-04-10,157,148,1,8,pomorskie
1042,2020-04-11,163,153,1,9,pomorskie
1043,2020-04-12,171,159,1,11,pomorskie
1044,2020-04-13,175,161,1,13,pomorskie
1045,2020-04-14,175,158,1,16,pomorskie
1046,2020-04-15,179,157,1,21,pomorskie
1047,2020-04-16,181,154,2,25,pomorskie
1048,2020-04-17,185,155,2,28,pomorskie
1049,2020-04-18,207,173,2,32,pomorskie
1050,2020-04-19,209,168,2,39,pomorskie
1051,2020-04-20,215,166,2,47,pomorskie
1052,2020-04-21,219,158,2,59,pomorskie
1053,2020-04-22,231,166,3,62,pomorskie
1054,2020-04-23,243,169,3,71,pomorskie
1055,2020-04-24,257,173,3,81,pomorskie
1056,2020-04-25,296,204,3,89,pomorskie
1057,2020-04-26,346,251,3,92,pomorskie
1058,2020-04-27,357,247,5,105,pomorskie
1059,2020-04-28,394,271,8,115,pomorskie
1060,2020-04-29,424,292,10,122,pomorskie
1061,2020-04-30,428,294,11,123,pomorskie
1062,2020-05-01,434,299,12,123,pomorskie
1063,2020-05-02,440,289,14,137,pomorskie
1064,2020-05-03,444,292,15,137,pomorskie
1065,2020-05-04,444,284,18,142,pomorskie
1066,2020-05-05,451,286,19,146,pomorskie
1067,2020-05-06,460,293,21,146,pomorskie
1068,2020-05-07,468,290,22,156,pomorskie
1069,2020-05-08,477,293,23,161,pomorskie
1070,2020-05-09,478,272,24,182,pomorskie
1071,2020-05-10,481,267,26,188,pomorskie
1072,2020-05-11,485,256,27,202,pomorskie
1073,2020-05-12,489,241,28,220,pomorskie
1074,2020-05-13,491,235,28,228,pomorskie
1075,2020-05-14,492,207,28,257,pomorskie
1076,2020-05-15,493,195,28,270,pomorskie
1077,2020-05-16,500,193,28,279,pomorskie
1078,2020-05-17,502,189,28,285,pomorskie
1079,2020-05-18,502,170,28,304,pomorskie
1080,2020-05-19,503,157,29,317,pomorskie
1081,2020-05-20,508,144,29,335,pomorskie
1082,2020-05-21,513,138,29,346,pomorskie
1083,2020-05-22,517,136,29,352,pomorskie
1084,2020-05-23,527,140,30,357,pomorskie
1085,2020-05-24,533,142,30,361,pomorskie
1086,2020-05-25,540,142,30,368,pomorskie
1087,2020-05-26,542,135,32,375,pomorskie
1088,2020-05-27,546,132,33,381,pomorskie
1089,2020-05-28,548,125,33,390,pomorskie
1090,2020-05-29,552,126,34,392,pomorskie
1091,2020-05-30,552,118,35,399,pomorskie
1092,2020-05-31,553,114,35,404,pomorskie
1093,2020-06-01,558,116,35,407,pomorskie
1094,2020-06-02,559,110,35,414,pomorskie
1095,2020-06-03,559,100,35,424,pomorskie
1096,2020-06-04,560,98,35,427,pomorskie
1097,2020-06-05,564,95,36,433,pomorskie
1098,2020-06-06,568,90,36,442,pomorskie
1099,2020-06-07,569,89,36,444,pomorskie
1100,2020-06-08,569,86,37,446,pomorskie
1101,2020-06-09,574,83,37,454,pomorskie
1102,2020-06-10,579,84,37,458,pomorskie
1103,2020-06-11,579,81,37,461,pomorskie
1104,2020-06-12,581,76,37,468,pomorskie
1105,2020-06-13,587,79,37,471,pomorskie
1106,2020-06-14,588,75,37,476,pomorskie
1107,2020-06-15,588,72,38,478,pomorskie
1108,2020-06-16,590,68,38,484,pomorskie
1109,2020-06-17,596,66,38,492,pomorskie
1110,2020-06-18,599,63,38,498,pomorskie
1111,2020-06-19,601,61,38,502,pomorskie
1112,2020-06-20,603,62,38,503,pomorskie
1113,2020-06-21,615,73,38,504,pomorskie
1114,2020-06-22,617,65,38,514,pomorskie
1115,2020-06-23,636,84,38,514,pomorskie
1116,2020-06-24,643,90,38,515,pomorskie
1117,2020-06-25,646,93,38,515,pomorskie
1118,2020-03-14,12,0,0,0,śląskie
1119,2020-03-15,14,0,0,0,śląskie
1120,2020-03-16,18,0,0,0,śląskie
1121,2020-03-17,24,0,0,0,śląskie
1122,2020-03-18,30,0,0,0,śląskie
1123,2020-03-19,42,0,0,0,śląskie
1124,2020-03-20,43,0,0,0,śląskie
1125,2020-03-21,56,0,0,0,śląskie
1126,2020-03-22,66,0,0,0,śląskie
1127,2020-03-23,77,0,1,0,śląskie
1128,2020-03-24,87,0,2,0,śląskie
1129,2020-03-25,102,97,2,3,śląskie
1130,2020-03-26,127,121,2,4,śląskie
1131,2020-03-27,141,135,2,4,śląskie
1132,2020-03-28,165,159,2,4,śląskie
1133,2020-03-29,195,186,5,4,śląskie
1134,2020-03-30,209,198,7,4,śląskie
1135,2020-03-31,264,250,8,6,śląskie
1136,2020-04-01,272,257,9,6,śląskie
1137,2020-04-02,403,384,12,7,śląskie
1138,2020-04-03,431,408,15,8,śląskie
1139,2020-04-04,496,461,23,12,śląskie
1140,2020-04-05,537,502,23,12,śląskie
1141,2020-04-06,562,524,26,12,śląskie
1142,2020-04-07,601,557,32,12,śląskie
1143,2020-04-08,644,587,36,21,śląskie
1144,2020-04-09,695,633,38,24,śląskie
1145,2020-04-10,729,659,38,32,śląskie
1146,2020-04-11,781,704,43,34,śląskie
1147,2020-04-12,846,767,44,35,śląskie
1148,2020-04-13,879,793,47,39,śląskie
1149,2020-04-14,943,851,52,40,śląskie
1150,2020-04-15,988,887,58,43,śląskie
1151,2020-04-16,1070,962,63,45,śląskie
1152,2020-04-17,1219,1101,67,51,śląskie
1153,2020-04-18,1273,1146,69,58,śląskie
1154,2020-04-19,1443,1309,74,60,śląskie
1155,2020-04-20,1514,1375,74,65,śląskie
1156,2020-04-21,1568,1408,79,81,śląskie
1157,2020-04-22,1614,1438,83,93,śląskie
1158,2020-04-23,1649,1436,86,127,śląskie
1159,2020-04-24,1746,1526,89,131,śląskie
1160,2020-04-25,1813,1550,93,170,śląskie
1161,2020-04-26,1887,1583,94,210,śląskie
1162,2020-04-27,1929,1620,99,210,śląskie
1163,2020-04-28,2023,1608,105,310,śląskie
1164,2020-04-29,2182,1747,113,322,śląskie
1165,2020-04-30,2239,1725,118,396,śląskie
1166,2020-05-01,2380,1800,120,460,śląskie
1167,2020-05-02,2446,1810,122,514,śląskie
1168,2020-05-03,2576,1895,126,555,śląskie
1169,2020-05-04,2656,1928,129,599,śląskie
1170,2020-05-05,2790,2044,133,613,śląskie
1171,2020-05-06,2947,2143,138,666,śląskie
1172,2020-05-07,3063,2211,142,710,śląskie
1173,2020-05-08,3242,2371,146,725,śląskie
1174,2020-05-09,3395,2439,146,810,śląskie
1175,2020-05-10,3566,2539,150,877,śląskie
1176,2020-05-11,3779,2723,151,905,śląskie
1177,2020-05-12,4271,3179,157,935,śląskie
1178,2020-05-13,4399,3246,158,995,śląskie
1179,2020-05-14,4701,3506,166,1029,śląskie
1180,2020-05-15,4994,3760,173,1061,śląskie
1181,2020-05-16,5159,3896,175,1088,śląskie
1182,2020-05-17,5339,4057,178,1104,śląskie
1183,2020-05-18,5544,4194,179,1171,śląskie
1184,2020-05-19,5807,4429,181,1197,śląskie
1185,2020-05-20,6082,4666,182,1234,śląskie
1186,2020-05-21,6333,4888,186,1259,śląskie
1187,2020-05-22,6618,5112,187,1319,śląskie
1188,2020-05-23,6797,5264,189,1344,śląskie
1189,2020-05-24,6982,5397,191,1394,śląskie
1190,2020-05-25,7140,5519,192,1429,śląskie
1191,2020-05-26,7414,5712,194,1508,śląskie
1192,2020-05-27,7590,5841,195,1554,śląskie
1193,2020-05-28,7728,5912,201,1615,śląskie
1194,2020-05-29,7919,6033,204,1682,śląskie
1195,2020-05-30,8151,6166,206,1779,śląskie
1196,2020-05-31,8256,6175,208,1873,śląskie
1197,2020-06-01,8448,6298,211,1939,śląskie
1198,2020-06-02,8557,6320,217,2020,śląskie
1199,2020-06-03,8666,6353,224,2089,śląskie
1200,2020-06-04,8786,6428,225,2133,śląskie
1201,2020-06-05,8963,6506,235,2222,śląskie
1202,2020-06-06,9314,6790,238,2286,śląskie
1203,2020-06-07,9639,6982,241,2416,śląskie
1204,2020-06-08,9965,7256,241,2468,śląskie
1205,2020-06-09,10102,7270,252,2580,śląskie
1206,2020-06-10,10178,7293,253,2632,śląskie
1207,2020-06-11,10335,7450,253,2632,śląskie
1208,2020-06-12,10473,7528,255,2690,śląskie
1209,2020-06-13,10682,7623,260,2799,śląskie
1210,2020-06-14,10842,7667,265,2910,śląskie
1211,2020-06-15,11030,7750,268,3012,śląskie
1212,2020-06-16,11246,7741,272,3233,śląskie
1213,2020-06-17,11455,7724,276,3455,śląskie
1214,2020-06-18,11543,7557,281,3705,śląskie
1215,2020-06-19,11583,7290,288,4005,śląskie
1216,2020-06-20,11697,7055,288,4354,śląskie
1217,2020-06-21,11825,6883,288,4654,śląskie
1218,2020-06-22,11955,6610,291,5054,śląskie
1219,2020-06-23,12084,6402,294,5388,śląskie
1220,2020-06-24,12192,6114,301,5777,śląskie
1221,2020-06-25,12317,5830,308,6179,śląskie
1222,2020-03-21,6,0,0,0,świętokrzyskie
1223,2020-03-22,7,0,0,0,świętokrzyskie
1224,2020-03-23,8,0,0,0,świętokrzyskie
1225,2020-03-24,8,0,0,0,świętokrzyskie
1226,2020-03-25,12,0,1,0,świętokrzyskie
1227,2020-03-26,15,0,1,0,świętokrzyskie
1228,2020-03-27,18,0,1,0,świętokrzyskie
1229,2020-03-28,27,0,1,0,świętokrzyskie
1230,2020-03-29,34,0,1,0,świętokrzyskie
1231,2020-03-30,37,0,1,0,świętokrzyskie
1232,2020-03-31,49,0,1,0,świętokrzyskie
1233,2020-04-01,56,52,1,3,świętokrzyskie
1234,2020-04-02,62,58,1,3,świętokrzyskie
1235,2020-04-03,71,67,1,3,świętokrzyskie
1236,2020-04-04,81,77,1,3,świętokrzyskie
1237,2020-04-05,93,88,1,4,świętokrzyskie
1238,2020-04-06,103,98,1,4,świętokrzyskie
1239,2020-04-07,120,114,1,5,świętokrzyskie
1240,2020-04-08,127,120,2,5,świętokrzyskie
1241,2020-04-09,129,122,2,5,świętokrzyskie
1242,2020-04-10,136,128,2,6,świętokrzyskie
1243,2020-04-11,138,130,2,6,świętokrzyskie
1244,2020-04-12,141,133,2,6,świętokrzyskie
1245,2020-04-13,142,134,2,6,świętokrzyskie
1246,2020-04-14,154,145,2,7,świętokrzyskie
1247,2020-04-15,170,161,2,7,świętokrzyskie
1248,2020-04-16,175,165,3,7,świętokrzyskie
1249,2020-04-17,193,182,4,7,świętokrzyskie
1250,2020-04-18,203,192,4,7,świętokrzyskie
1251,2020-04-19,210,199,4,7,świętokrzyskie
1252,2020-04-20,227,216,4,7,świętokrzyskie
1253,2020-04-21,238,227,4,7,świętokrzyskie
1254,2020-04-22,247,236,4,7,świętokrzyskie
1255,2020-04-23,248,203,6,39,świętokrzyskie
1256,2020-04-24,253,208,6,39,świętokrzyskie
1257,2020-04-25,255,196,7,52,świętokrzyskie
1258,2020-04-26,258,196,7,55,świętokrzyskie
1259,2020-04-27,261,196,7,58,świętokrzyskie
1260,2020-04-28,264,198,8,58,świętokrzyskie
1261,2020-04-29,266,200,8,58,świętokrzyskie
1262,2020-04-30,270,183,8,79,świętokrzyskie
1263,2020-05-01,270,182,8,80,świętokrzyskie
1264,2020-05-02,271,159,8,104,świętokrzyskie
1265,2020-05-03,278,166,8,104,świętokrzyskie
1266,2020-05-04,282,155,8,119,świętokrzyskie
1267,2020-05-05,300,165,9,126,świętokrzyskie
1268,2020-05-06,300,131,10,159,świętokrzyskie
1269,2020-05-07,303,130,10,163,świętokrzyskie
1270,2020-05-08,312,126,11,175,świętokrzyskie
1271,2020-05-09,321,135,11,175,świętokrzyskie
1272,2020-05-10,325,131,12,182,świętokrzyskie
1273,2020-05-11,325,131,12,182,świętokrzyskie
1274,2020-05-12,328,131,13,184,świętokrzyskie
1275,2020-05-13,337,131,13,193,świętokrzyskie
1276,2020-05-14,337,129,14,194,świętokrzyskie
1277,2020-05-15,340,126,16,198,świętokrzyskie
1278,2020-05-16,341,120,17,204,świętokrzyskie
1279,2020-05-17,341,119,17,205,świętokrzyskie
1280,2020-05-18,352,122,18,212,świętokrzyskie
1281,2020-05-19,353,122,19,212,świętokrzyskie
1282,2020-05-20,357,113,20,224,świętokrzyskie
1283,2020-05-21,361,117,20,224,świętokrzyskie
1284,2020-05-22,366,112,20,234,świętokrzyskie
1285,2020-05-23,374,117,20,237,świętokrzyskie
1286,2020-05-24,382,123,20,239,świętokrzyskie
1287,2020-05-25,392,131,20,241,świętokrzyskie
1288,2020-05-26,399,134,21,244,świętokrzyskie
1289,2020-05-27,408,143,21,244,świętokrzyskie
1290,2020-05-28,432,164,21,247,świętokrzyskie
1291,2020-05-29,439,162,22,255,świętokrzyskie
1292,2020-05-30,473,195,22,256,świętokrzyskie
1293,2020-05-31,480,199,22,259,świętokrzyskie
1294,2020-06-01,486,205,22,259,świętokrzyskie
1295,2020-06-02,493,211,22,260,świętokrzyskie
1296,2020-06-03,502,217,22,263,świętokrzyskie
1297,2020-06-04,511,218,22,271,świętokrzyskie
1298,2020-06-05,512,212,22,278,świętokrzyskie
1299,2020-06-06,515,206,23,286,świętokrzyskie
1300,2020-06-07,515,206,23,286,świętokrzyskie
1301,2020-06-08,555,246,23,286,świętokrzyskie
1302,2020-06-09,569,250,24,295,świętokrzyskie
1303,2020-06-10,580,249,25,306,świętokrzyskie
1304,2020-06-11,585,241,25,319,świętokrzyskie
1305,2020-06-12,596,230,26,340,świętokrzyskie
1306,2020-06-13,598,220,26,352,świętokrzyskie
1307,2020-06-14,611,230,26,355,świętokrzyskie
1308,2020-06-15,625,244,26,355,świętokrzyskie
1309,2020-06-16,636,254,26,356,świętokrzyskie
1310,2020-06-17,658,257,27,374,świętokrzyskie
1311,2020-06-18,676,271,30,375,świętokrzyskie
1312,2020-06-19,687,280,30,377,świętokrzyskie
1313,2020-06-20,698,285,32,381,świętokrzyskie
1314,2020-06-21,704,288,32,384,świętokrzyskie
1315,2020-06-22,719,303,32,384,świętokrzyskie
1316,2020-06-23,721,301,34,386,świętokrzyskie
1317,2020-06-24,742,283,36,423,świętokrzyskie
1318,2020-06-25,750,280,36,434,świętokrzyskie
1319,2020-03-06,1,0,0,0,warmińsko-mazurskie
1320,2020-03-07,2,0,0,0,warmińsko-mazurskie
1321,2020-03-08,2,0,0,0,warmińsko-mazurskie
1322,2020-03-09,2,0,0,0,warmińsko-mazurskie
1323,2020-03-10,2,0,0,0,warmińsko-mazurskie
1324,2020-03-11,4,0,0,0,warmińsko-mazurskie
1325,2020-03-12,4,0,0,0,warmińsko-mazurskie
1326,2020-03-13,4,0,0,0,warmińsko-mazurskie
1327,2020-03-14,4,0,0,0,warmińsko-mazurskie
1328,2020-03-15,5,0,0,0,warmińsko-mazurskie
1329,2020-03-16,5,0,0,0,warmińsko-mazurskie
1330,2020-03-17,7,0,0,0,warmińsko-mazurskie
1331,2020-03-18,8,0,0,0,warmińsko-mazurskie
1332,2020-03-19,12,0,0,0,warmińsko-mazurskie
1333,2020-03-20,12,0,0,0,warmińsko-mazurskie
1334,2020-03-21,16,0,0,0,warmińsko-mazurskie
1335,2020-03-22,22,0,0,0,warmińsko-mazurskie
1336,2020-03-23,22,0,0,0,warmińsko-mazurskie
1337,2020-03-24,29,0,0,0,warmińsko-mazurskie
1338,2020-03-25,33,0,0,0,warmińsko-mazurskie
1339,2020-03-26,36,35,0,1,warmińsko-mazurskie
1340,2020-03-27,44,43,0,1,warmińsko-mazurskie
1341,2020-03-28,46,45,0,1,warmińsko-mazurskie
1342,2020-03-29,56,55,0,1,warmińsko-mazurskie
1343,2020-03-30,57,56,0,1,warmińsko-mazurskie
1344,2020-03-31,58,56,0,2,warmińsko-mazurskie
1345,2020-04-01,61,59,0,2,warmińsko-mazurskie
1346,2020-04-02,66,64,0,2,warmińsko-mazurskie
1347,2020-04-03,72,70,0,2,warmińsko-mazurskie
1348,2020-04-04,78,75,1,2,warmińsko-mazurskie
1349,2020-04-05,80,74,1,5,warmińsko-mazurskie
1350,2020-04-06,83,77,1,5,warmińsko-mazurskie
1351,2020-04-07,87,76,1,10,warmińsko-mazurskie
1352,2020-04-08,92,80,1,11,warmińsko-mazurskie
1353,2020-04-09,95,76,1,18,warmińsko-mazurskie
1354,2020-04-10,110,91,1,18,warmińsko-mazurskie
1355,2020-04-11,111,89,1,21,warmińsko-mazurskie
1356,2020-04-12,122,99,1,22,warmińsko-mazurskie
1357,2020-04-13,122,99,1,22,warmińsko-mazurskie
1358,2020-04-14,122,98,1,23,warmińsko-mazurskie
1359,2020-04-15,125,96,1,28,warmińsko-mazurskie
1360,2020-04-16,129,94,1,34,warmińsko-mazurskie
1361,2020-04-17,139,103,1,35,warmińsko-mazurskie
1362,2020-04-18,139,101,1,37,warmińsko-mazurskie
1363,2020-04-19,142,101,1,40,warmińsko-mazurskie
1364,2020-04-20,143,91,1,51,warmińsko-mazurskie
1365,2020-04-21,143,89,1,53,warmińsko-mazurskie
1366,2020-04-22,143,87,1,55,warmińsko-mazurskie
1367,2020-04-23,143,86,1,56,warmińsko-mazurskie
1368,2020-04-24,144,81,1,62,warmińsko-mazurskie
1369,2020-04-25,144,74,1,69,warmińsko-mazurskie
1370,2020-04-26,144,70,1,73,warmińsko-mazurskie
1371,2020-04-27,144,60,1,83,warmińsko-mazurskie
1372,2020-04-28,144,57,1,86,warmińsko-mazurskie
1373,2020-04-29,144,50,1,93,warmińsko-mazurskie
1374,2020-04-30,146,47,1,98,warmińsko-mazurskie
1375,2020-05-01,146,46,1,99,warmińsko-mazurskie
1376,2020-05-02,146,43,1,102,warmińsko-mazurskie
1377,2020-05-03,146,42,1,103,warmińsko-mazurskie
1378,2020-05-04,148,40,1,107,warmińsko-mazurskie
1379,2020-05-05,152,44,1,107,warmińsko-mazurskie
1380,2020-05-06,152,43,1,108,warmińsko-mazurskie
1381,2020-05-07,156,47,1,108,warmińsko-mazurskie
1382,2020-05-08,157,39,1,117,warmińsko-mazurskie
1383,2020-05-09,160,36,1,123,warmińsko-mazurskie
1384,2020-05-10,162,38,1,123,warmińsko-mazurskie
1385,2020-05-11,162,38,1,123,warmińsko-mazurskie
1386,2020-05-12,164,39,1,124,warmińsko-mazurskie
1387,2020-05-13,168,43,1,124,warmińsko-mazurskie
1388,2020-05-14,169,44,1,124,warmińsko-mazurskie
1389,2020-05-15,170,40,1,129,warmińsko-mazurskie
1390,2020-05-16,170,40,1,129,warmińsko-mazurskie
1391,2020-05-17,170,39,1,130,warmińsko-mazurskie
1392,2020-05-18,170,37,1,132,warmińsko-mazurskie
1393,2020-05-19,175,42,1,132,warmińsko-mazurskie
1394,2020-05-20,175,42,1,132,warmińsko-mazurskie
1395,2020-05-21,174,32,1,141,warmińsko-mazurskie
1396,2020-05-22,174,32,1,141,warmińsko-mazurskie
1397,2020-05-23,175,32,1,142,warmińsko-mazurskie
1398,2020-05-24,175,32,1,142,warmińsko-mazurskie
1399,2020-05-25,175,32,1,142,warmińsko-mazurskie
1400,2020-05-26,179,35,1,143,warmińsko-mazurskie
1401,2020-05-27,179,31,1,147,warmińsko-mazurskie
1402,2020-05-28,179,29,1,149,warmińsko-mazurskie
1403,2020-05-29,179,27,1,151,warmińsko-mazurskie
1404,2020-05-30,179,27,1,151,warmińsko-mazurskie
1405,2020-05-31,179,27,1,151,warmińsko-mazurskie
1406,2020-06-01,179,25,1,153,warmińsko-mazurskie
1407,2020-06-02,179,20,1,158,warmińsko-mazurskie
1408,2020-06-03,179,19,1,159,warmińsko-mazurskie
1409,2020-06-04,179,18,1,160,warmińsko-mazurskie
1410,2020-06-05,180,16,1,163,warmińsko-mazurskie
1411,2020-06-06,180,16,1,163,warmińsko-mazurskie
1412,2020-06-07,180,16,1,163,warmińsko-mazurskie
1413,2020-06-08,181,16,1,164,warmińsko-mazurskie
1414,2020-06-09,181,16,1,164,warmińsko-mazurskie
1415,2020-06-10,181,11,1,169,warmińsko-mazurskie
1416,2020-06-11,185,15,1,169,warmińsko-mazurskie
1417,2020-06-12,185,15,1,169,warmińsko-mazurskie
1418,2020-06-13,185,15,1,169,warmińsko-mazurskie
1419,2020-06-14,186,16,1,169,warmińsko-mazurskie
1420,2020-06-15,186,16,1,169,warmińsko-mazurskie
1421,2020-06-16,192,22,1,169,warmińsko-mazurskie
1422,2020-06-17,201,31,1,169,warmińsko-mazurskie
1423,2020-06-18,207,36,1,170,warmińsko-mazurskie
1424,2020-06-19,207,36,1,170,warmińsko-mazurskie
1425,2020-06-20,209,38,1,170,warmińsko-mazurskie
1426,2020-06-21,209,38,1,170,warmińsko-mazurskie
1427,2020-06-22,211,37,1,173,warmińsko-mazurskie
1428,2020-06-23,213,39,1,173,warmińsko-mazurskie
1429,2020-06-24,223,46,1,176,warmińsko-mazurskie
1430,2020-06-25,227,49,1,177,warmińsko-mazurskie
1431,2020-03-09,1,0,0,0,wielkopolskie
1432,2020-03-10,1,0,0,0,wielkopolskie
1433,2020-03-11,2,0,0,0,wielkopolskie
1434,2020-03-12,4,0,1,0,wielkopolskie
1435,2020-03-13,6,0,1,0,wielkopolskie
1436,2020-03-14,7,0,1,0,wielkopolskie
1437,2020-03-15,10,0,1,0,wielkopolskie
1438,2020-03-16,11,0,1,0,wielkopolskie
1439,2020-03-17,13,0,1,0,wielkopolskie
1440,2020-03-18,13,0,1,0,wielkopolskie
1441,2020-03-19,15,0,1,0,wielkopolskie
1442,2020-03-20,18,0,1,0,wielkopolskie
1443,2020-03-21,31,0,1,0,wielkopolskie
1444,2020-03-22,36,0,2,0,wielkopolskie
1445,2020-03-23,36,0,2,0,wielkopolskie
1446,2020-03-24,44,0,2,0,wielkopolskie
1447,2020-03-25,59,0,2,0,wielkopolskie
1448,2020-03-26,71,0,2,0,wielkopolskie
1449,2020-03-27,92,0,2,0,wielkopolskie
1450,2020-03-28,101,0,2,0,wielkopolskie
1451,2020-03-29,110,0,2,0,wielkopolskie
1452,2020-03-30,134,0,3,0,wielkopolskie
1453,2020-03-31,150,0,3,0,wielkopolskie
1454,2020-04-01,171,0,6,0,wielkopolskie
1455,2020-04-02,197,0,8,0,wielkopolskie
1456,2020-04-03,215,0,12,0,wielkopolskie
1457,2020-04-04,235,0,13,0,wielkopolskie
1458,2020-04-05,275,0,14,0,wielkopolskie
1459,2020-04-06,329,0,15,0,wielkopolskie
1460,2020-04-07,351,0,22,0,wielkopolskie
1461,2020-04-08,396,367,23,6,wielkopolskie
1462,2020-04-09,433,402,24,7,wielkopolskie
1463,2020-04-10,479,444,26,9,wielkopolskie
1464,2020-04-11,537,492,31,14,wielkopolskie
1465,2020-04-12,566,514,35,17,wielkopolskie
1466,2020-04-13,649,590,40,19,wielkopolskie
1467,2020-04-14,683,615,43,25,wielkopolskie
1468,2020-04-15,785,708,43,34,wielkopolskie
1469,2020-04-16,829,742,45,42,wielkopolskie
1470,2020-04-17,880,776,48,56,wielkopolskie
1471,2020-04-18,898,786,49,63,wielkopolskie
1472,2020-04-19,1020,906,51,63,wielkopolskie
1473,2020-04-20,1050,914,57,79,wielkopolskie
1474,2020-04-21,1081,927,61,93,wielkopolskie
1475,2020-04-22,1099,931,66,102,wielkopolskie
1476,2020-04-23,1166,983,68,115,wielkopolskie
1477,2020-04-24,1236,1025,72,139,wielkopolskie
1478,2020-04-25,1266,1025,75,166,wielkopolskie
1479,2020-04-26,1307,1056,77,174,wielkopolskie
1480,2020-04-27,1343,1057,82,204,wielkopolskie
1481,2020-04-28,1376,1070,85,221,wielkopolskie
1482,2020-04-29,1415,1082,85,248,wielkopolskie
1483,2020-04-30,1441,1076,87,278,wielkopolskie
1484,2020-05-01,1443,1078,87,278,wielkopolskie
1485,2020-05-02,1494,1109,91,294,wielkopolskie
1486,2020-05-03,1518,1096,94,328,wielkopolskie
1487,2020-05-04,1529,1069,96,364,wielkopolskie
1488,2020-05-05,1598,1092,98,408,wielkopolskie
1489,2020-05-06,1616,1084,102,430,wielkopolskie
1490,2020-05-07,1640,1078,105,457,wielkopolskie
1491,2020-05-08,1655,1054,108,493,wielkopolskie
1492,2020-05-09,1670,1053,111,506,wielkopolskie
1493,2020-05-10,1672,1036,116,520,wielkopolskie
1494,2020-05-11,1699,1042,118,539,wielkopolskie
1495,2020-05-12,1710,1008,123,579,wielkopolskie
1496,2020-05-13,1722,960,133,629,wielkopolskie
1497,2020-05-14,1735,940,135,660,wielkopolskie
1498,2020-05-15,1752,934,136,682,wielkopolskie
1499,2020-05-16,1757,937,138,682,wielkopolskie
1500,2020-05-17,1797,936,139,722,wielkopolskie
1501,2020-05-18,1810,928,140,742,wielkopolskie
1502,2020-05-19,1815,933,140,742,wielkopolskie
1503,2020-05-20,1899,1016,141,742,wielkopolskie
1504,2020-05-21,1925,881,143,901,wielkopolskie
1505,2020-05-22,1941,864,144,933,wielkopolskie
1506,2020-05-23,1953,876,144,933,wielkopolskie
1507,2020-05-24,2021,916,144,961,wielkopolskie
1508,2020-05-25,2040,888,146,1006,wielkopolskie
1509,2020-05-26,2059,861,147,1051,wielkopolskie
1510,2020-05-27,2118,877,147,1094,wielkopolskie
1511,2020-05-28,2133,862,149,1122,wielkopolskie
1512,2020-05-29,2146,873,151,1122,wielkopolskie
1513,2020-05-30,2147,754,152,1241,wielkopolskie
1514,2020-05-31,2150,743,153,1254,wielkopolskie
1515,2020-06-01,2155,702,153,1300,wielkopolskie
1516,2020-06-02,2188,716,153,1319,wielkopolskie
1517,2020-06-03,2206,714,154,1338,wielkopolskie
1518,2020-06-04,2216,714,154,1348,wielkopolskie
1519,2020-06-05,2219,717,154,1348,wielkopolskie
1520,2020-06-06,2259,715,157,1387,wielkopolskie
1521,2020-06-07,2273,718,157,1398,wielkopolskie
1522,2020-06-08,2286,704,157,1425,wielkopolskie
1523,2020-06-09,2300,678,158,1464,wielkopolskie
1524,2020-06-10,2306,660,161,1485,wielkopolskie
1525,2020-06-11,2333,666,162,1505,wielkopolskie
1526,2020-06-12,2354,650,164,1540,wielkopolskie
1527,2020-06-13,2369,649,164,1556,wielkopolskie
1528,2020-06-14,2383,654,164,1565,wielkopolskie
1529,2020-06-15,2400,670,165,1565,wielkopolskie
1530,2020-06-16,2408,653,166,1589,wielkopolskie
1531,2020-06-17,2420,649,166,1605,wielkopolskie
1532,2020-06-18,2429,611,166,1652,wielkopolskie
1533,2020-06-19,2441,588,167,1686,wielkopolskie
1534,2020-06-20,2448,593,169,1686,wielkopolskie
1535,2020-06-21,2455,551,170,1734,wielkopolskie
1536,2020-06-22,2474,514,170,1790,wielkopolskie
1537,2020-06-23,2501,460,170,1871,wielkopolskie
1538,2020-06-24,2518,465,171,1882,wielkopolskie
1539,2020-06-25,2527,473,172,1882,wielkopolskie
1540,2020-03-12,3,0,0,0,zachodniopomorskie
1541,2020-03-13,5,0,0,0,zachodniopomorskie
1542,2020-03-14,5,0,0,0,zachodniopomorskie
1543,2020-03-15,5,0,0,0,zachodniopomorskie
1544,2020-03-16,6,0,0,0,zachodniopomorskie
1545,2020-03-17,7,0,0,0,zachodniopomorskie
1546,2020-03-18,8,0,0,0,zachodniopomorskie
1547,2020-03-19,9,0,0,0,zachodniopomorskie
1548,2020-03-20,9,0,0,0,zachodniopomorskie
1549,2020-03-21,10,0,0,0,zachodniopomorskie
1550,2020-03-22,12,0,0,0,zachodniopomorskie
1551,2020-03-23,14,0,0,0,zachodniopomorskie
1552,2020-03-24,26,0,0,0,zachodniopomorskie
1553,2020-03-25,30,0,0,0,zachodniopomorskie
1554,2020-03-26,33,0,1,0,zachodniopomorskie
1555,2020-03-27,34,0,1,0,zachodniopomorskie
1556,2020-03-28,51,0,1,0,zachodniopomorskie
1557,2020-03-29,57,0,1,0,zachodniopomorskie
1558,2020-03-30,59,0,1,0,zachodniopomorskie
1559,2020-03-31,67,0,1,0,zachodniopomorskie
1560,2020-04-01,79,0,1,0,zachodniopomorskie
1561,2020-04-02,89,0,2,0,zachodniopomorskie
1562,2020-04-03,89,0,2,0,zachodniopomorskie
1563,2020-04-04,100,0,2,0,zachodniopomorskie
1564,2020-04-05,106,0,2,0,zachodniopomorskie
1565,2020-04-06,107,0,2,0,zachodniopomorskie
1566,2020-04-07,133,125,2,6,zachodniopomorskie
1567,2020-04-08,165,157,2,6,zachodniopomorskie
1568,2020-04-09,174,165,2,7,zachodniopomorskie
1569,2020-04-10,184,174,2,8,zachodniopomorskie
1570,2020-04-11,191,174,2,15,zachodniopomorskie
1571,2020-04-12,193,175,2,16,zachodniopomorskie
1572,2020-04-13,203,182,2,19,zachodniopomorskie
1573,2020-04-14,211,189,2,20,zachodniopomorskie
1574,2020-04-15,217,194,2,21,zachodniopomorskie
1575,2020-04-16,223,198,2,23,zachodniopomorskie
1576,2020-04-17,230,200,2,28,zachodniopomorskie
1577,2020-04-18,249,216,2,31,zachodniopomorskie
1578,2020-04-19,266,226,4,36,zachodniopomorskie
1579,2020-04-20,277,232,4,41,zachodniopomorskie
1580,2020-04-21,279,223,4,52,zachodniopomorskie
1581,2020-04-22,288,226,4,58,zachodniopomorskie
1582,2020-04-23,304,238,4,62,zachodniopomorskie
1583,2020-04-24,335,260,6,69,zachodniopomorskie
1584,2020-04-25,343,259,7,77,zachodniopomorskie
1585,2020-04-26,355,256,9,90,zachodniopomorskie
1586,2020-04-27,370,262,9,99,zachodniopomorskie
1587,2020-04-28,374,248,9,117,zachodniopomorskie
1588,2020-04-29,380,238,10,132,zachodniopomorskie
1589,2020-04-30,396,246,10,140,zachodniopomorskie
1590,2020-05-01,401,247,10,144,zachodniopomorskie
1591,2020-05-02,406,241,10,155,zachodniopomorskie
1592,2020-05-03,414,243,10,161,zachodniopomorskie
1593,2020-05-04,428,248,14,166,zachodniopomorskie
1594,2020-05-05,441,257,14,170,zachodniopomorskie
1595,2020-05-06,452,260,15,177,zachodniopomorskie
1596,2020-05-07,460,259,16,185,zachodniopomorskie
1597,2020-05-08,464,243,16,205,zachodniopomorskie
1598,2020-05-09,469,232,16,221,zachodniopomorskie
1599,2020-05-10,473,233,16,224,zachodniopomorskie
1600,2020-05-11,474,220,16,238,zachodniopomorskie
1601,2020-05-12,480,221,16,243,zachodniopomorskie
1602,2020-05-13,486,219,16,251,zachodniopomorskie
1603,2020-05-14,488,203,17,268,zachodniopomorskie
1604,2020-05-15,491,197,18,276,zachodniopomorskie
1605,2020-05-16,492,194,18,280,zachodniopomorskie
1606,2020-05-17,494,193,18,283,zachodniopomorskie
1607,2020-05-18,497,189,18,290,zachodniopomorskie
1608,2020-05-19,502,181,18,303,zachodniopomorskie
1609,2020-05-20,503,158,18,327,zachodniopomorskie
1610,2020-05-21,515,165,18,332,zachodniopomorskie
1611,2020-05-22,517,153,19,345,zachodniopomorskie
1612,2020-05-23,521,155,19,347,zachodniopomorskie
1613,2020-05-24,522,144,19,359,zachodniopomorskie
1614,2020-05-25,521,140,19,362,zachodniopomorskie
1615,2020-05-26,525,132,19,374,zachodniopomorskie
1616,2020-05-27,527,124,19,384,zachodniopomorskie
1617,2020-05-28,527,113,19,395,zachodniopomorskie
1618,2020-05-29,531,111,19,401,zachodniopomorskie
1619,2020-05-30,535,110,19,406,zachodniopomorskie
1620,2020-05-31,536,109,19,408,zachodniopomorskie
1621,2020-06-01,536,108,19,409,zachodniopomorskie
1622,2020-06-02,541,104,19,418,zachodniopomorskie
1623,2020-06-03,548,107,19,422,zachodniopomorskie
1624,2020-06-04,550,104,19,427,zachodniopomorskie
1625,2020-06-05,553,96,19,438,zachodniopomorskie
1626,2020-06-06,553,96,19,438,zachodniopomorskie
1627,2020-06-07,554,89,19,446,zachodniopomorskie
1628,2020-06-08,554,84,19,451,zachodniopomorskie
1629,2020-06-09,560,89,19,452,zachodniopomorskie
1630,2020-06-10,565,88,19,458,zachodniopomorskie
1631,2020-06-11,567,90,19,458,zachodniopomorskie
1632,2020-06-12,569,84,19,466,zachodniopomorskie
1633,2020-06-13,576,88,19,469,zachodniopomorskie
1634,2020-06-14,581,90,19,472,zachodniopomorskie
1635,2020-06-15,583,90,20,473,zachodniopomorskie
1636,2020-06-16,588,95,20,473,zachodniopomorskie
1637,2020-06-17,591,93,20,478,zachodniopomorskie
1638,2020-06-18,591,80,20,491,zachodniopomorskie
1639,2020-06-19,595,81,20,494,zachodniopomorskie
1640,2020-06-20,596,80,20,496,zachodniopomorskie
1641,2020-06-21,597,77,20,500,zachodniopomorskie
1642,2020-06-22,597,77,20,500,zachodniopomorskie
1643,2020-06-23,599,78,20,501,zachodniopomorskie
1644,2020-06-24,603,79,20,504,zachodniopomorskie
1645,2020-06-25,604,73,20,511,zachodniopomorskie
